{"url":"http:\/\/localhost:8080\/Landpage\/list\/5","method":"GET","isAJAX":false,"startTime":1720606083.832596,"totalTime":73,"totalMemory":"7.033","segmentDuration":15,"segmentCount":5,"CI_VERSION":"4.5.1","collectors":[],"vars":{"session":{"__ci_last_regenerate":"<pre>1720606083<\/pre>","_ci_previous_url":"http:\/\/localhost:8080\/Landpage\/list\/5"},"headers":{"Host":"katalog.test","Connection":"keep-alive","Upgrade-Insecure-Requests":"1","User-Agent":"Mozilla\/5.0 (Windows NT 10.0; Win64; x64) AppleWebKit\/537.36 (KHTML, like Gecko) Chrome\/126.0.0.0 Safari\/537.36","Accept":"text\/html,application\/xhtml+xml,application\/xml;q=0.9,image\/avif,image\/webp,image\/apng,*\/*;q=0.8,application\/signed-exchange;v=b3;q=0.7","Referer":"http:\/\/katalog.test\/","Accept-Encoding":"gzip, deflate","Accept-Language":"en-GB,en;q=0.9,id-ID;q=0.8,id;q=0.7,ja-JP;q=0.6,ja;q=0.5,en-US;q=0.4","Cookie":"csrf_cookie_name=7026033d14583a62d2ab5e56c48335f4; ci_session=r3652v3sl9c0c28c46tavc0elegbqs2a"},"cookies":{"csrf_cookie_name":"7026033d14583a62d2ab5e56c48335f4","ci_session":"r3652v3sl9c0c28c46tavc0elegbqs2a"},"request":"HTTP\/1.1","response":{"statusCode":200,"reason":"OK","contentType":"text\/html; charset=UTF-8","headers":{"Content-Type":"text\/html; charset=UTF-8"}}},"config":{"ciVersion":"4.5.1","phpVersion":"8.1.10","phpSAPI":"apache2handler","environment":"development","baseURL":"http:\/\/localhost:8080","timezone":"UTC","locale":"en","cspEnabled":false}}