{"url":"http:\/\/localhost:8080\/Login\/access","method":"POST","isAJAX":false,"startTime":1720605721.482933,"totalTime":101.4,"totalMemory":"6.617","segmentDuration":15,"segmentCount":7,"CI_VERSION":"4.5.1","collectors":[],"vars":{"session":{"__ci_last_regenerate":"<pre>1720605711<\/pre>","_ci_previous_url":"http:\/\/localhost:8080\/Login","username":"EditEdit","role_id":"2"},"post":{"csrf_test_name":"269f83fdd4450451ab7adbc180af48b4","username":"EditEdit","password":"Polulu_Official"},"headers":{"Content-Type":"application\/x-www-form-urlencoded","Host":"localhost:8080","Connection":"keep-alive","Content-Length":"90","Cache-Control":"max-age=0","Sec-Ch-Ua":"&quot;Not\/A)Brand&quot;;v=&quot;8&quot;, &quot;Chromium&quot;;v=&quot;126&quot;, &quot;Google Chrome&quot;;v=&quot;126&quot;","Sec-Ch-Ua-Mobile":"?0","Sec-Ch-Ua-Platform":"&quot;Windows&quot;","Upgrade-Insecure-Requests":"1","Origin":"http:\/\/localhost:8080","User-Agent":"Mozilla\/5.0 (Windows NT 10.0; Win64; x64) AppleWebKit\/537.36 (KHTML, like Gecko) Chrome\/126.0.0.0 Safari\/537.36","Accept":"text\/html,application\/xhtml+xml,application\/xml;q=0.9,image\/avif,image\/webp,image\/apng,*\/*;q=0.8,application\/signed-exchange;v=b3;q=0.7","Sec-Fetch-Site":"same-origin","Sec-Fetch-Mode":"navigate","Sec-Fetch-User":"?1","Sec-Fetch-Dest":"document","Referer":"http:\/\/localhost:8080\/Login","Accept-Encoding":"gzip, deflate, br, zstd","Accept-Language":"en-GB,en;q=0.9,id-ID;q=0.8,id;q=0.7,ja-JP;q=0.6,ja;q=0.5,en-US;q=0.4","Cookie":"twk_idm_key=1K4daHJavMNUCLBOkDVmV; TawkConnectionTime=0; twk_uuid_668df9477a36f5aaec9685c5=%7B%22uuid%22%3A%221.HQ0Zg0PlJ6obIA74lBlbskZH4pp9nSKcLt8UHSquilrL8VxdrNyWERaTVrBcA6nhVg8Tc8QEZ0d15D1IcRow3R7C0ldIbYbwB504j%22%2C%22version%22%3A3%2C%22domain%22%3Anull%2C%22ts%22%3A1720582500660%7D; csrf_cookie_name=269f83fdd4450451ab7adbc180af48b4; ci_session=h7o4b6p16oujpfkceco9nd6b0jsned2l"},"cookies":{"twk_idm_key":"1K4daHJavMNUCLBOkDVmV","TawkConnectionTime":"0","twk_uuid_668df9477a36f5aaec9685c5":"{&quot;uuid&quot;:&quot;1.HQ0Zg0PlJ6obIA74lBlbskZH4pp9nSKcLt8UHSquilrL8VxdrNyWERaTVrBcA6nhVg8Tc8QEZ0d15D1IcRow3R7C0ldIbYbwB504j&quot;,&quot;version&quot;:3,&quot;domain&quot;:null,&quot;ts&quot;:1720582500660}","csrf_cookie_name":"269f83fdd4450451ab7adbc180af48b4","ci_session":"h7o4b6p16oujpfkceco9nd6b0jsned2l"},"request":"HTTP\/1.1","response":{"statusCode":303,"reason":"See Other","contentType":"text\/html; charset=UTF-8","headers":{"Cache-Control":"no-store, max-age=0, no-cache","Content-Type":"text\/html; charset=UTF-8","Location":"http:\/\/localhost:8080\/Dashboard"}}},"config":{"ciVersion":"4.5.1","phpVersion":"8.1.10","phpSAPI":"cli-server","environment":"development","baseURL":"http:\/\/localhost:8080","timezone":"UTC","locale":"en","cspEnabled":false}}